Name,Pot,Inoculation,Polyculture,Replicate,Water,Water_gal,Num_wheat_pot,Num_fava,hyphal_colonization,arb_vesc_colonization,Pot_NPP_g,Pot_NPP_g_pp,W_NPP,W_NPP_pp,W_BNPP_g,W_BNPP_g_pp,W_ANPP_g,W_ANPP_g_pp,W_Berries_g,W_Berries_g_pp,W_pcent_BNPP,W_pcent_ANPP,W_pcent_vegetative,W_pcent_berries,Pot_pcent_wheat,Fava_g,Pot_pcent_fava
1_Inoc_inter_c_1_BNPP,1,Inoc,Inter,1,Control,48,6,1.00,0.67,0.10,26.85535,3.8365,25.01535,4.16923,4.1000,0.6833,12.7300,2.1217,8.1854,1.3642,0.1638994,0.5088875,0.6727869,0.3272131,0.9314848,1.8400,0.0685152
2_Inoc_inter_c_2_BNPP,2,Inoc,Inter,2,Control,48,6,1.00,0.78,0.57,43.36813,6.1954,40.47813,6.74636,5.9300,0.9883,21.9000,3.6500,12.6481,2.1080,0.1464989,0.5410329,0.6875318,0.3124682,0.9333612,2.8900,0.0666388
3_Inoc_inter_c_3_BNPP,3,Inoc,Inter,3,Control,48,6,1.00,0.46,0.29,25.71718,3.6739,22.63718,3.77286,3.8700,0.6450,13.4000,2.2333,5.3672,0.8945,0.1709577,0.5919465,0.7629042,0.2370958,0.8802357,3.0800,0.1197643
4_Inoc_inter_c_4_ANPP,4,Inoc,Inter,4,Control,48,6,1.00,0.99,0.36,36.46633,5.2095,34.68633,5.78106,4.5800,0.7633,20.9900,3.4983,9.1163,1.5194,0.1320405,0.6051375,0.7371780,0.2628220,0.9511878,1.7800,0.0488122
5_Inoc_inter_c_5_BNPP,5,Inoc,Inter,5,Control,48,6,1.00,0.98,0.50,17.84043,2.5486,15.44043,2.57341,2.6300,0.4383,8.3800,1.3967,4.4304,0.7384,0.1703320,0.5427310,0.7130630,0.2869370,0.8654741,2.4000,0.1345259
6_Inoc_inter_m_1_BNPP,6,Inoc,Inter,1,Moderate,32,6,1.00,0.97,0.42,24.90404,3.5577,23.32404,3.88734,4.1200,0.6867,12.4300,2.0717,6.7740,1.1290,0.1766418,0.5329265,0.7095683,0.2904317,0.9365565,1.5800,0.0634435
7_Inoc_inter_m_2_BNPP,7,Inoc,Inter,2,Moderate,32,6,1.00,1.00,0.63,21.56238,3.0803,18.18238,3.03040,3.0000,0.5000,9.8800,1.6467,5.3024,0.8837,0.1649949,0.5433832,0.7083781,0.2916219,0.8432455,3.3800,0.1567545
8_Inoc_inter_m_3_BNPP,8,Inoc,Inter,3,Moderate,32,6,1.00,1.00,0.63,51.56158,7.3659,50.26158,8.37693,8.0800,1.3467,30.4700,5.0783,11.7116,1.9519,0.1607590,0.6062285,0.7669874,0.2330126,0.9747874,1.3000,0.0252126
9_Inoc_inter_m_4_BNPP,9,Inoc,Inter,4,Moderate,32,6,1.00,0.91,0.44,30.92346,4.4176,29.22346,4.87058,5.1300,0.8550,14.4000,2.4000,9.6935,1.6156,0.1755439,0.4927548,0.6682987,0.3317013,0.9450256,1.7000,0.0549744
10_Inoc_inter_m_5_BNPP,10,Inoc,Inter,5,Moderate,32,6,1.00,0.94,0.43,29.92204,4.2746,27.84204,4.64034,6.8900,1.1483,12.5600,2.0933,8.3920,1.3987,0.2474675,0.4511164,0.6985839,0.3014161,0.9304860,2.0800,0.0695140
11_Inoc_inter_s_1_BNPP,11,Inoc,Inter,1,Severe,16,6,1.00,0.89,0.18,28.23738,4.0339,23.96738,3.99456,5.6100,0.9350,13.0800,2.1800,5.2774,0.8796,0.2340681,0.5457418,0.7798099,0.2201901,0.8487820,4.2700,0.1512180
12_Inoc_inter_s_2_BNPP,12,Inoc,Inter,2,Severe,16,6,1.00,0.89,0.33,21.21939,3.0313,17.84939,2.97490,3.4100,0.5683,9.6600,1.6100,4.7794,0.7966,0.1910429,0.5411950,0.7322379,0.2677621,0.8411830,3.3700,0.1588170
13_Inoc_inter_s_3_BNPP,13,Inoc,Inter,3,Severe,16,6,1.00,0.98,0.34,19.99941,2.8571,16.13941,2.68990,3.7100,0.6183,10.1600,1.6933,2.2694,0.3782,0.2298721,0.6295150,0.8593871,0.1406129,0.8069943,3.8600,0.1930057
14_Inoc_inter_s_4_BNPP,14,Inoc,Inter,4,Severe,16,6,1.00,0.99,0.46,24.78112,3.5402,21.73112,3.62185,6.2700,1.0450,12.3200,2.0533,3.1411,0.5235,0.2885263,0.5669289,0.8554552,0.1445448,0.8769224,3.0500,0.1230776
15_Inoc_inter_s_5_BNPP,15,Inoc,Inter,5,Severe,16,6,1.00,0.98,0.49,20.73287,2.9618,16.84287,2.80715,3.2100,0.5350,8.6100,1.4350,5.0229,0.8371,0.1905851,0.5111955,0.7017806,0.2982194,0.8123752,3.8900,0.1876248
16_Inoc_mono_c_1_BNPP,16,Inoc,Mono,1,Control,48,12,0.00,0.88,0.31,33.35786,2.7798,33.35786,2.77982,5.2300,0.4358,19.0600,1.5883,9.0679,0.7557,0.1567846,0.5713796,0.7281642,0.2718358,1.0000000,0.0000,0.0000000
17_Inoc_mono_c_2_BNPP,17,Inoc,Mono,2,Control,48,12,0.00,0.99,0.52,34.75684,2.8964,34.75684,2.89640,5.5000,0.4583,18.6000,1.5500,10.6568,0.8881,0.1582422,0.5351465,0.6933887,0.3066113,1.0000000,0.0000,0.0000000
18_Inoc_mono_c_3_BNPP,18,Inoc,Mono,3,Control,48,12,0.00,1.00,0.52,37.88920,3.1574,37.88920,3.15743,6.5200,0.5433,19.9100,1.6592,11.4592,0.9549,0.1720807,0.5254796,0.6975603,0.3024397,1.0000000,0.0000,0.0000000
19_Inoc_mono_c_4_BNPP,19,Inoc,Mono,4,Control,48,12,0.00,1.00,0.35,31.99551,2.6663,31.99551,2.66629,3.6900,0.3075,18.2200,1.5183,10.0855,0.8405,0.1153287,0.5694549,0.6847836,0.3152164,1.0000000,0.0000,0.0000000
20_Inoc_mono_c_5_BNPP,20,Inoc,Mono,5,Control,48,12,0.00,1.00,0.36,36.60465,3.0504,36.60465,3.05039,6.3800,0.5317,18.7000,1.5583,11.5247,0.9604,0.1742948,0.5108641,0.6851589,0.3148411,1.0000000,0.0000,0.0000000
21_Inoc_mono_m_1_BNPP,21,Inoc,Mono,1,Moderate,32,12,0.00,1.00,0.44,32.33716,2.6948,32.33716,2.69476,6.1400,0.5117,16.2100,1.3508,9.9872,0.8323,0.1898744,0.5012809,0.6911553,0.3088447,1.0000000,0.0000,0.0000000
22_Inoc_mono_m_2_BNPP,22,Inoc,Mono,2,Moderate,32,12,0.00,1.00,0.76,35.70455,2.9754,35.70455,2.97538,7.0100,0.5842,18.0400,1.5033,10.6546,0.8879,0.1963335,0.5052577,0.7015913,0.2984087,1.0000000,0.0000,0.0000000
23_Inoc_mono_m_3_BNPP,23,Inoc,Mono,3,Moderate,32,12,0.00,0.99,0.61,43.77606,3.6480,43.77606,3.64801,8.9600,0.7467,24.6100,2.0508,10.2061,0.8505,0.2046781,0.5621794,0.7668575,0.2331425,1.0000000,0.0000,0.0000000
24_Inoc_mono_m_4_BNPP,24,Inoc,Mono,4,Moderate,32,12,0.00,1.00,0.57,29.81465,2.4846,29.81465,2.48455,4.6900,0.3908,18.0400,1.5033,7.0847,0.5904,0.1573052,0.6050717,0.7623769,0.2376231,1.0000000,0.0000,0.0000000
25_Inoc_mono_m_5_BNPP,25,Inoc,Mono,5,Moderate,32,12,0.00,1.00,0.60,43.09213,3.5910,43.09213,3.59101,7.5300,0.6275,23.6500,1.9708,11.9121,0.9927,0.1747419,0.5488241,0.7235660,0.2764340,1.0000000,0.0000,0.0000000
26_Inoc_mono_s_1_BNPP,26,Inoc,Mono,1,Severe,16,12,0.00,0.99,0.69,33.52847,2.7940,33.52847,2.79404,8.9500,0.7458,23.3200,1.9433,1.2585,0.1049,0.2669373,0.6955283,0.9624656,0.0375344,1.0000000,0.0000,0.0000000
27_Inoc_mono_s_2_BNPP,27,Inoc,Mono,2,Severe,16,12,0.00,0.99,0.53,31.24350,2.6036,31.24350,2.60363,6.6500,0.5542,23.2000,1.9333,1.3935,0.1161,0.2128443,0.7425545,0.9553987,0.0446013,1.0000000,0.0000,0.0000000
28_Inoc_mono_s_3_BNPP,28,Inoc,Mono,3,Severe,16,12,0.00,0.66,0.32,23.10621,1.9255,23.10621,1.92552,5.2500,0.4375,17.2900,1.4408,0.5662,0.0472,0.2272116,0.7482837,0.9754953,0.0245047,1.0000000,0.0000,0.0000000
29_Inoc_mono_s_4_BNPP,29,Inoc,Mono,4,Severe,16,12,0.00,0.75,0.38,22.86185,1.9052,22.86185,1.90515,5.4200,0.4517,15.6300,1.3025,1.8119,0.1510,0.2370762,0.6836717,0.9207479,0.0792521,1.0000000,0.0000,0.0000000
30_Inoc_mono_s_5_BNPP,30,Inoc,Mono,5,Severe,16,12,0.00,0.89,0.56,32.17808,2.6815,32.17808,2.68151,11.4300,0.9525,17.3000,1.4417,3.4481,0.2873,0.3552108,0.5376331,0.8928438,0.1071562,1.0000000,0.0000,0.0000000
31_Strl_inter_c_1_BNPP,31,Strl,Inter,1,Control,48,6,1.00,0.07,0.04,37.82494,5.4036,28.99247,4.83208,5.7200,0.9533,14.4400,2.4067,8.8325,1.4721,0.1972926,0.4980604,0.6953530,0.3046470,0.7664908,8.8325,0.2335092
32_Strl_inter_c_2_BNPP,32,Strl,Inter,2,Control,48,6,1.00,0.20,0.15,32.76662,4.6809,25.30331,4.21722,5.5000,0.9167,12.3400,2.0567,7.4633,1.2439,0.2173629,0.4876832,0.7050461,0.2949539,0.7722283,7.4633,0.2277717
33_Strl_inter_c_3_BNPP,33,Strl,Inter,3,Control,48,6,1.00,0.32,0.07,39.54720,5.6496,29.88360,4.98060,4.1600,0.6933,16.0600,2.6767,9.6636,1.6106,0.1392068,0.5374185,0.6766253,0.3233747,0.7556439,9.6636,0.2443561
34_Strl_inter_c_4_BNPP,34,Strl,Inter,4,Control,48,6,1.00,0.03,0.03,34.31068,4.9015,24.70534,4.11756,3.2500,0.5417,11.8500,1.9750,9.6053,1.6009,0.1315505,0.4796534,0.6112039,0.3887961,0.7200481,9.6053,0.2799519
35_Strl_inter_c_5_BNPP,35,Strl,Inter,5,Control,48,6,1.00,0.34,0.21,43.30530,6.1865,36.29765,6.04961,8.4200,1.4033,20.8700,3.4783,7.0077,1.1679,0.2319709,0.5749684,0.8069393,0.1930607,0.8381803,7.0077,0.1618197
36_Strl_inter_m_1_BNPP,36,Strl,Inter,1,Moderate,32,6,1.00,0.47,0.22,41.94174,5.9917,33.68587,5.61431,8.7000,1.4500,16.7300,2.7883,8.2559,1.3760,0.2582685,0.4966474,0.7549159,0.2450841,0.8031586,8.2559,0.1968414
37_Strl_inter_m_2_BNPP,37,Strl,Inter,2,Moderate,32,6,1.00,0.02,0.02,28.63824,4.0912,22.26912,3.71152,3.3800,0.5633,12.5200,2.0867,6.3691,1.0615,0.1517797,0.5622135,0.7139932,0.2860068,0.7776009,6.3691,0.2223991
38_Strl_inter_m_3_BNPP,38,Strl,Inter,3,Moderate,32,6,1.00,0.06,0.00,32.61874,4.6598,25.63937,4.27323,4.2300,0.7050,14.4300,2.4050,6.9794,1.1632,0.1649807,0.5628063,0.7277870,0.2722130,0.7860319,6.9794,0.2139681
39_Strl_inter_m_4_BNPP,39,Strl,Inter,4,Moderate,32,6,1.00,0.01,0.00,32.13598,4.5909,24.29799,4.04967,5.3200,0.8867,11.1400,1.8567,7.8380,1.3063,0.2189482,0.4584741,0.6774223,0.3225777,0.7560992,7.8380,0.2439008
40_Strl_inter_m_5_BNPP,40,Strl,Inter,5,Moderate,32,6,1.00,0.22,0.18,25.83022,3.6900,18.44511,3.07419,2.6600,0.4433,8.4000,1.4000,7.3851,1.2309,0.1442117,0.4554053,0.5996169,0.4003831,0.7140903,7.3851,0.2859097
41_Strl_inter_s_1_BNPP,41,Strl,Inter,1,Severe,16,6,1.00,0.00,0.00,28.66284,4.0947,24.18142,4.03024,6.1700,1.0283,13.5300,2.2550,4.4814,0.7469,0.2551546,0.5595205,0.8146751,0.1853249,0.8436505,4.4814,0.1563495
42_Strl_inter_s_2_BNPP,42,Strl,Inter,2,Severe,16,6,1.00,0.00,0.00,19.50324,2.7862,14.55662,2.42610,2.1400,0.3567,7.4700,1.2450,4.9466,0.8244,0.1470121,0.5131686,0.6601807,0.3398193,0.7463693,4.9466,0.2536307
43_Strl_inter_s_3_BNPP,43,Strl,Inter,3,Severe,16,6,1.00,0.29,0.02,19.52878,2.7898,18.02939,3.00490,4.9100,0.8183,11.6200,1.9367,1.4994,0.2499,0.2723331,0.6445032,0.9168363,0.0831637,0.9232215,1.4994,0.0767785
44_Strl_inter_s_4_BNPP,44,Strl,Inter,4,Severe,16,6,1.00,0.11,0.08,21.29982,3.0428,16.84991,2.80832,3.3300,0.5550,9.0700,1.5117,4.4499,0.7417,0.1976272,0.5382818,0.7359090,0.2640910,0.7910823,4.4499,0.2089177
45_Strl_inter_s_5_BNPP,45,Strl,Inter,5,Severe,16,6,1.00,0.03,0.03,21.27116,3.0387,16.02058,2.67010,3.1700,0.5283,7.6000,1.2667,5.2506,0.8751,0.1978705,0.4743898,0.6722603,0.3277397,0.7531597,5.2506,0.2468403
46_Strl_mono_c_1_BNPP,46,Strl,Mono,1,Control,48,12,0.00,0.06,0.00,33.96000,2.8300,33.96000,2.83000,8.4500,0.7042,17.7300,1.4775,7.7800,0.6483,0.2488221,0.5220848,0.7709069,0.2290931,1.0000000,0.0000,0.0000000
47_Strl_mono_c_2_BNPP,47,Strl,Mono,2,Control,48,12,0.00,0.03,0.00,25.20734,2.1006,25.20734,2.10061,5.8200,0.4850,17.0400,1.4200,2.3473,0.1956,0.2308851,0.6759936,0.9068787,0.0931213,1.0000000,0.0000,0.0000000
48_Strl_mono_c_3_BNPP,48,Strl,Mono,3,Control,48,12,0.00,0.10,0.10,31.95119,2.6626,31.95119,2.66260,6.2000,0.5167,16.7700,1.3975,8.9812,0.7484,0.1940460,0.5248631,0.7189091,0.2810909,1.0000000,0.0000,0.0000000
49_Strl_mono_c_4_BNPP,49,Strl,Mono,4,Control,48,12,0.00,0.00,0.00,20.76985,1.7308,20.76985,1.73082,2.4000,0.2000,11.2200,0.9350,7.1499,0.5958,0.1155521,0.5402061,0.6557582,0.3442418,1.0000000,0.0000,0.0000000
50_Strl_mono_c_5_BNPP,50,Strl,Mono,5,Control,48,12,0.00,0.01,0.01,26.52623,2.2105,26.52623,2.21052,5.2500,0.4375,12.5600,1.0467,8.7162,0.7264,0.1979173,0.4734936,0.6714109,0.3285891,1.0000000,0.0000,0.0000000
51_Strl_mono_m_1_BNPP,51,Strl,Mono,1,Moderate,32,12,0.00,0.20,0.07,39.08611,3.2572,39.08611,3.25718,6.9200,0.5767,23.0000,1.9167,9.1661,0.7638,0.1770450,0.5884443,0.7654893,0.2345107,1.0000000,0.0000,0.0000000
52_Strl_mono_m_2_BNPP,52,Strl,Mono,2,Moderate,32,12,0.00,0.22,0.18,29.60461,2.4671,29.60461,2.46705,6.0900,0.5075,15.3000,1.2750,8.2146,0.6846,0.2057112,0.5168114,0.7225226,0.2774774,1.0000000,0.0000,0.0000000
53_Strl_mono_m_3_BNPP,53,Strl,Mono,3,Moderate,32,12,0.00,0.01,0.00,45.55691,3.7964,45.55691,3.79641,9.4100,0.7842,23.8000,1.9833,12.3469,1.0289,0.2065548,0.5224235,0.7289783,0.2710217,1.0000000,0.0000,0.0000000
54_Strl_mono_m_4_BNPP,54,Strl,Mono,4,Moderate,32,12,0.00,0.24,0.22,32.07857,2.6732,32.07857,2.67321,5.4000,0.4500,15.9500,1.3292,10.7286,0.8940,0.1683367,0.4972167,0.6655534,0.3344466,1.0000000,0.0000,0.0000000
55_Strl_mono_m_5_BNPP,55,Strl,Mono,5,Moderate,32,12,0.00,0.58,0.30,31.10343,2.5920,31.10343,2.59195,5.8000,0.4833,18.9900,1.5825,6.3134,0.5261,0.1864746,0.6105436,0.7970182,0.2029818,1.0000000,0.0000,0.0000000
56_Strl_mono_s_1_BNPP,56,Strl,Mono,1,Severe,16,12,0.00,0.01,0.00,20.27412,1.6895,20.27412,1.68951,4.1700,0.3475,10.7600,0.8967,5.3441,0.4453,0.2056809,0.5307259,0.7364068,0.2635932,1.0000000,0.0000,0.0000000
57_Strl_mono_s_2_BNPP,57,Strl,Mono,2,Severe,16,12,0.00,0.36,0.28,27.82993,2.3192,27.82993,2.31916,7.2900,0.6075,17.9600,1.4967,2.5799,0.2150,0.2619482,0.6453484,0.9072966,0.0927034,1.0000000,0.0000,0.0000000
58_Strl_mono_s_3_BNPP,58,Strl,Mono,3,Severe,16,12,0.00,0.07,0.07,18.98016,1.5817,18.98016,1.58168,3.9400,0.3283,9.8500,0.8208,5.1902,0.4325,0.2075852,0.5189630,0.7265481,0.2734519,1.0000000,0.0000,0.0000000
59_Strl_mono_s_4_BNPP,59,Strl,Mono,4,Severe,16,12,0.00,0.11,0.01,17.93165,1.4943,17.93165,1.49430,2.7600,0.2300,10.1600,0.8467,5.0117,0.4176,0.1539178,0.5665959,0.7205137,0.2794863,1.0000000,0.0000,0.0000000
60_Strl_mono_s_5_BNPP,60,Strl,Mono,5,Severe,16,12,0.00,0.14,0.06,18.25344,1.5211,18.25344,1.52112,2.5100,0.2092,10.1400,0.8450,5.6034,0.4670,0.1375083,0.5555117,0.6930201,0.3069799,1.0000000,0.0000,0.0000000